"Name","LastWriteTime"
"file_list.csv","2025/12/15 14:34:25"
"file_list.txt","2025/12/15 14:17:42"
"IMG_2581_processed.txt","2025/11/09 19:12:47"
"IMG_2581_rewritten.txt","2025/11/26 14:53:44"
"IMG_2582_processed.txt","2025/11/09 19:13:36"
"IMG_2583_rewritten.txt","2025/11/26 14:58:09"
"IMG_2585_processed.txt","2025/11/09 19:14:16"
"IMG_2596_processed.txt","2025/11/09 19:14:58"
"IMG_2597_processed.txt","2025/11/09 19:15:31"
"IMG_2598_processed.txt","2025/11/09 19:16:06"
"IMG_2599_processed.txt","2025/11/09 19:16:34"
"IMG_2601_processed.txt","2025/11/09 19:17:14"
"IMG_2602_processed.txt","2025/11/09 19:17:53"
"IMG_2604_rewritten.txt","2025/11/25 18:51:42"
"IMG_2605_rewritten.txt","2025/11/25 18:56:43"
"IMG_2606_rewritten.txt","2025/11/25 19:01:07"
"IMG_2607_rewritten.txt","2025/11/25 19:06:58"
"IMG_2608_rewritten.txt","2025/11/25 19:11:17"
"IMG_2609_rewritten.txt","2025/11/25 19:16:19"
"IMG_2611_rewritten.txt","2025/11/25 19:21:19"
"IMG_2613_rewritten.txt","2025/11/25 19:26:09"
"IMG_2614_rewritten.txt","2025/11/25 19:30:27"
"IMG_2615_rewritten.txt","2025/11/25 19:34:36"
"IMG_2616_rewritten.txt","2025/11/25 19:39:39"
"IMG_2617_rewritten.txt","2025/11/25 19:44:36"
"IMG_2618_rewritten.txt","2025/11/25 19:49:39"
"IMG_2619_rewritten.txt","2025/11/25 19:54:42"
"IMG_2620_rewritten.txt","2025/11/25 19:58:47"
"IMG_2624_rewritten.txt","2025/11/25 20:04:06"
"IMG_2625_rewritten.txt","2025/11/25 22:40:05"
"IMG_2627_rewritten.txt","2025/11/25 22:45:51"
"IMG_2628_rewritten.txt","2025/11/25 22:49:51"
"IMG_2629_rewritten.txt","2025/11/25 22:53:02"
"IMG_2630_rewritten.txt","2025/11/25 22:56:29"
"IMG_2631_rewritten.txt","2025/11/25 23:01:01"
"IMG_2632_rewritten.txt","2025/11/25 23:04:52"
"IMG_2633_rewritten.txt","2025/11/25 23:10:34"
"IMG_2638_rewritten.txt","2025/11/25 23:15:50"
"IMG_2639_rewritten.txt","2025/11/25 23:19:33"
"IMG_2640_rewritten.txt","2025/11/25 23:23:12"
"IMG_2641_rewritten.txt","2025/11/25 23:28:03"
"IMG_2642_rewritten.txt","2025/11/25 23:32:26"
"IMG_2643_rewritten.txt","2025/11/25 23:35:50"
"IMG_2644_rewritten.txt","2025/11/25 23:39:09"
"IMG_2645_rewritten.txt","2025/11/25 23:43:44"
"IMG_2646_rewritten.txt","2025/11/25 23:47:05"
"IMG_2647_rewritten.txt","2025/11/25 23:51:02"
"IMG_2648_rewritten.txt","2025/11/25 23:54:49"
"IMG_2649_rewritten.txt","2025/11/25 23:57:38"
"IMG_2650_rewritten.txt","2025/11/26 0:00:34"
"IMG_2651_rewritten.txt","2025/11/26 0:02:22"
"IMG_2652_rewritten.txt","2025/11/26 0:08:18"
"IMG_2653_rewritten.txt","2025/11/26 0:11:49"
"IMG_2654_rewritten.txt","2025/11/26 0:14:47"
"IMG_2655_rewritten.txt","2025/11/26 0:18:43"
"IMG_2656_rewritten.txt","2025/11/26 0:23:03"
"IMG_2657_rewritten.txt","2025/11/26 0:25:58"
"IMG_2658_rewritten.txt","2025/11/26 0:29:27"
"IMG_2659_rewritten.txt","2025/11/26 0:31:45"
"IMG_2660_rewritten.txt","2025/11/26 0:34:53"
"IMG_2661_rewritten.txt","2025/11/26 0:38:12"
"IMG_2662_rewritten.txt","2025/11/26 0:42:45"
"IMG_2663_rewritten.txt","2025/11/26 0:46:06"
"IMG_2664_rewritten.txt","2025/11/26 0:48:11"
"IMG_2665_rewritten.txt","2025/11/26 0:51:37"
"IMG_2666_rewritten.txt","2025/11/26 0:54:40"
"IMG_2667_rewritten.txt","2025/11/26 0:57:43"
"IMG_2668_rewritten.txt","2025/11/26 1:01:57"
"IMG_2669_rewritten.txt","2025/11/26 1:05:17"
"IMG_2670_rewritten.txt","2025/11/26 1:54:07"
"IMG_2671_rewritten.txt","2025/12/11 16:17:51"
"IMG_2673_rewritten.txt","2025/12/11 16:21:34"
"IMG_2687_rewritten.txt","2025/11/26 1:59:07"
"IMG_2688_rewritten.txt","2025/11/26 2:01:40"
"IMG_2689_rewritten.txt","2025/11/26 2:04:38"
"IMG_2690_rewritten.txt","2025/11/26 2:09:22"
"IMG_2691_rewritten.txt","2025/11/26 2:55:28"
"IMG_2692_rewritten.txt","2025/11/26 2:58:45"
"IMG_2693_rewritten.txt","2025/11/26 3:02:22"
"IMG_2694_rewritten.txt","2025/11/26 3:05:09"
"IMG_2695_rewritten.txt","2025/11/26 3:08:30"
"IMG_2696_rewritten.txt","2025/11/26 3:52:16"
"IMG_2697_rewritten.txt","2025/11/26 3:55:55"
"IMG_2701_rewritten.txt","2025/11/26 4:00:08"
"IMG_2702_rewritten.txt","2025/11/26 4:02:25"
"IMG_2703_rewritten.txt","2025/11/26 5:01:50"
"IMG_2704_rewritten.txt","2025/11/26 5:04:47"
"IMG_2705_rewritten.txt","2025/11/26 5:07:28"
"IMG_2706_rewritten.txt","2025/11/26 5:10:49"
"IMG_2707_rewritten.txt","2025/11/26 5:14:30"
"IMG_2708_rewritten.txt","2025/11/26 5:59:25"
"IMG_2709_rewritten.txt","2025/11/26 6:02:18"
"IMG_2720_processed.txt","2025/11/09 19:18:45"
"IMG_2720_rewritten.txt","2025/11/26 6:06:03"
"IMG_2721_rewritten.txt","2025/11/26 6:09:41"
"IMG_2722_rewritten.txt","2025/11/26 6:13:15"
"IMG_2723_rewritten.txt","2025/11/26 6:50:25"
"IMG_2725_rewritten.txt","2025/11/26 6:54:18"
"IMG_2726_rewritten.txt","2025/12/11 16:27:13"
"IMG_2727_rewritten.txt","2025/11/26 6:58:03"
"IMG_2728_rewritten.txt","2025/11/26 7:02:25"
"IMG_2729_rewritten.txt","2025/11/26 7:06:06"
"IMG_2730_rewritten.txt","2025/11/26 7:09:50"
"IMG_2731_rewritten.txt","2025/11/26 7:34:52"
"IMG_2733_rewritten.txt","2025/11/26 7:37:46"
"IMG_2734_rewritten.txt","2025/11/26 7:42:00"
"IMG_2735_rewritten.txt","2025/11/26 7:44:56"
"IMG_2736_rewritten.txt","2025/12/11 16:33:24"
"IMG_2737_rewritten.txt","2025/12/11 16:39:29"
"IMG_2738_rewritten.txt","2025/12/11 16:42:10"
"IMG_2739_rewritten.txt","2025/12/11 16:46:41"
"IMG_2741_rewritten.txt","2025/11/26 7:48:54"
"IMG_2742_rewritten.txt","2025/12/11 16:49:49"
"IMG_2743_rewritten.txt","2025/12/11 16:53:19"
"IMG_2744_rewritten.txt","2025/12/11 16:57:07"
"IMG_2749_rewritten.txt","2025/11/26 7:50:27"
"IMG_2750_rewritten.txt","2025/11/26 7:52:16"
"IMG_2753_rewritten.txt","2025/11/26 7:56:10"
"IMG_2754_rewritten.txt","2025/11/26 7:59:14"
"IMG_2755_rewritten.txt","2025/11/26 8:02:40"
"IMG_2756_rewritten.txt","2025/11/26 8:05:56"
"IMG_2757_rewritten.txt","2025/11/26 8:09:49"
"IMG_2758_rewritten.txt","2025/11/26 8:15:17"
"IMG_2759_rewritten.txt","2025/11/26 8:20:17"
"IMG_2761_rewritten.txt","2025/11/26 8:24:46"
"IMG_2762_rewritten.txt","2025/11/26 8:28:11"
"IMG_2763_rewritten.txt","2025/11/26 8:31:22"
"IMG_2764_rewritten.txt","2025/11/26 8:36:34"
"グレート・サクセス・セミナー　１ヶ月目／「市場」（マーケット）_rewritten.txt","2025/11/21 16:24:25"
"動画 人生100年_processed.txt","2025/11/09 19:19:23"
"確実に成功するための常識 No.1 「なぜ不況か？／人口編」_rewritten.txt","2025/11/21 16:30:45"
"確実に成功するための常識 No.2「なぜ不況か？／グローバル化編」_rewritten.txt","2025/11/21 16:37:24"
"確実に成功するための常識 No.3 「なぜ不況か？／税金編」_rewritten.txt","2025/11/21 16:43:56"
"確実に成功するための常識 No.4「引き延ばしの悪魔」_rewritten.txt","2025/11/21 16:48:02"
"確実に成功するための常識 No.5 「人生の設計図編」_rewritten.txt","2025/11/21 16:51:31"
"確実に成功するための常識 No.6 「知識の総量とバランス」_rewritten.txt","2025/11/21 16:56:23"
